id;name;email;phone;department;municipality;colony;is_compaz;fechacumple;padre;relacion
1;once insist;Pablo.ConcepcionMelendez@hotmail.com;990 864 727;whoa;slipper;enlightened;true;2026-03-27;true;ponder big winged
2;unless;MarcoAntonio.AguirreBernal@gmail.com;999599665;while innocently;grimy;ugh;true;2026-03-27;false;nor catalyze
3;questionably ack throughout;Gonzalo44@gmail.com;908-803-869;develop wasteful incidentally;instead;huzzah apud inferior;false;2026-03-28;true;settler printer why
4;intensely stormy aside;Norma_RayaBenavidez@hotmail.com;993.854.890;regularly jealously which;till;though optimal psst;true;2026-03-27;true;weatherize joyful furthermore
5;lovingly defiantly;Irene.LeivaSauceda82@hotmail.com;915.369.712;speedily to;regarding famously;psst intellect ew;true;2026-03-27;false;however
6;expansion boom dowse;Isabela_AlmonteMoreno@yahoo.com;903 639 167;amid squeaky;ack uh-huh ravage;flame hm;true;2026-03-27;false;dishonor er
7;when sunbeam dicker;Gabriela.DelgadoDelvalle62@gmail.com;968913235;geez;justly behind;overtrain yippee;false;2026-03-27;true;huzzah
8;fly;Ricardo_BrionesAbeyta34@gmail.com;953 104 832;pantyhose taut;yawningly weird;skean as gadzooks;false;2026-03-27;true;ravel ignorant than
9;psst;Josep_BaezaGuerrero57@gmail.com;998.597.278;boldly;barring elementary;waver;true;2026-03-27;true;whoa whether
10;stealthily scar nippy;Armando_CarmonaCovarrubias86@hotmail.com;984 155 015;admonish;busily ugh;oh blah extremely;true;2026-03-27;true;whenever
11;arrange live however;Barbara_AlemanQuezada@gmail.com;943509812;whirlwind;bakeware till tuba;crossly kissingly;true;2026-03-28;true;ha truly
12;abaft advancement inasmuch;Tomas38@hotmail.com;971 868 248;oh;facilitate wherever;pronoun crowded lively;false;2026-03-27;false;pulverize where unless
13;unwritten;Teodoro_LiraChavez@yahoo.com;933-178-713;mobility lest;rebel at;starch dishearten row;false;2026-03-28;true;excepting um
14;majestically fooey;Daniel_SantanaMondragon81@gmail.com;964.760.714;fathom;um fedora supposing;fax besides as;false;2026-03-27;true;unwilling
15;cruelly after behind;Sofia_NegreteLozano80@hotmail.com;980460522;fabricate miserably when;hmph;for;false;2026-03-27;true;suddenly however
16;to judgementally;Andrea21@hotmail.com;900883413;deeply pleasure;towards;whenever woot about;false;2026-03-27;false;once
17;misguided meanwhile excluding;Federico_RivasMadera36@yahoo.com;911350561;recommendation;from damaged unlike;boohoo jovially nor;true;2026-03-27;false;ouch merrily defiantly
18;whether eek better;Agustin.GriegoBenavidez78@hotmail.com;985-848-045;scratchy without gloomy;ack electric;clinking distorted about;true;2026-03-27;false;whereas repossess unabashedly
19;excepting ick ameliorate;Cesar35@yahoo.com;970 179 717;multicolored enfold sheathe;keel interior forenenst;than finally;false;2026-03-27;true;er which even
20;fruitful meanwhile before;Teresa0@hotmail.com;962.290.565;since;pace dependency;enlist someplace;true;2026-03-28;true;thrifty garrote oddly
21;blah;Juan_NegreteCoronado@hotmail.com;936 427 241;brisk;dime;into yahoo;true;2026-03-27;false;faithfully
22;properly;Francisca.UlloaFuentes40@yahoo.com;929 251 102;vivaciously;worth a quixotic;a or;true;2026-03-27;true;conceptualize
23;fooey axe narrow;Cristina_QuesadaGalarza49@yahoo.com;963384209;furthermore qua ultimate;fooey;shakily;true;2026-03-28;false;violently alongside
24;gratefully lest pleased;Josefina.TiradoSegura@yahoo.com;931 042 232;appropriate edge phooey;ugh lest;cruelly before aha;false;2026-03-27;false;hmph nectarine
25;failing;MarcoAntonio_AmadorGaytan26@yahoo.com;946141487;excitedly duh;defendant hmph puny;than mouser transcend;false;2026-03-27;true;spattering sugary meaningfully
26;table defendant;Benito74@hotmail.com;903.154.747;stage;on;quicker wilt;true;2026-03-27;false;duffel hard-to-find geez
27;shampoo amid;Pablo.CalderonMelendez32@yahoo.com;913 728 535;immense across masquerade;necessary undergo whoa;scowl under energetic;false;2026-03-27;false;jellyfish
28;average woot;Elvira67@hotmail.com;961.989.291;considerate;yahoo yuck upon;because;true;2026-03-27;false;roger pace unto
29;duffel gratefully upright;Clemente66@yahoo.com;986985191;buzzing compromise briskly;ick transplant;woot millet;true;2026-03-27;true;mobilize
30;duh guilty smoothly;Hugo.BlancoRiojas34@gmail.com;951 427 689;capsize;limply intermesh unaccountably;tensely oh;false;2026-03-27;false;sometimes tabletop
